Receiver_ID,Name,Type,City,Contact
1,Donald Gomez,Shelter,Port Carlburgh,955-922-5295
2,Laurie Ramos,Individual,Lewisburgh,761-042-1570
3,Ashley Mckee,NGO,South Randalltown,023-009-4856
4,Erika Rose,NGO,South Shaneville,829-649-1111
5,John Romero,Individual,Bakerport,067-491-0154
6,Mandy Sutton PhD,Shelter,East Sharimouth,682-777-5357
7,Kenneth Baker,NGO,South Edwinborough,456-386-4071
8,James Perez,Charity,Benjaminburgh,986-748-6688
9,Emily Turner,Shelter,West Robert,022-615-7520
10,Mary Salazar,NGO,Wrightland,375-181-1395
11,Amber Pacheco,Individual,South Gregorymouth,155-960-7276
12,Jennifer Bishop,NGO,Katherineside,363-554-9805
13,Jamie Sutton,Shelter,Lake Matthewstad,478-920-2687
14,Brian Fischer,Shelter,Burkeside,041-324-6326
15,Donald Kelly,NGO,Port Ronald,935-798-5303
16,Elizabeth Lewis,NGO,Port Tara,863-867-7565
17,Melissa Castillo,NGO,Silvaport,699-232-9544
18,Lisa Williams,NGO,Moranhaven,557-809-5688
19,Courtney Sanders,NGO,North Cynthiaberg,083-754-0501
20,George Palmer,NGO,Sandrahaven,744-838-6083
21,Emily Davidson,NGO,Jonesside,307-695-1510
22,Kristina Meza,Shelter,Lake Nicole,125-160-0319
23,Kurt Ward,Individual,Aliciabury,599-761-9919
24,Tammy Moore,Individual,Monicafort,721-105-5278
25,Lisa Mcclain,NGO,Lake Elizabeth,390-825-9361
26,Kimberly Lindsey,Charity,Port Matthewmouth,511-143-4565
27,Johnny Page,NGO,Susanfurt,251-922-2940
28,Mary Franklin,Individual,Courtneyfurt,899-861-2178
29,Nicholas Robinson,NGO,Lake Kendra,048-973-8326
30,Bruce Sanchez,Shelter,North Heather,591-819-6171
31,Rose Powell,NGO,Spencermouth,152-729-7648
32,Audrey Perez,Individual,Taylorfort,637-025-7736
33,Anita Kerr,NGO,Walshfort,568-992-9509
34,Megan Alvarez,Individual,North Robert,624-432-9386
35,James Castaneda,Shelter,South Rachaelhaven,729-455-5052
36,Teresa Davis,Charity,Olsonville,730-513-4768
37,Angel Adams,Shelter,West Erik,849-959-6994
38,Alexander Mullins,Charity,Josephview,248-481-7680
39,John Ramirez,Shelter,Moorechester,859-701-8773
40,Abigail Davis,Individual,West Carrie,307-825-3197
41,Julia Elliott,Shelter,Port Kellyburgh,265-513-3036
42,Maria Jacobs,NGO,Port Dawntown,225-019-8954
43,Bobby Perry,Charity,Amberfort,897-335-7055
44,Andrew Lawson,Shelter,Davisborough,622-566-7870
45,Derek Potter,Charity,South Laurachester,372-751-7026
46,Kevin Lee,Charity,East Teresahaven,354-253-8089
47,Taylor Dean,Shelter,Moorechester,297-100-5658
48,Jennifer Graham,Individual,East Saraport,746-039-4487
49,Gabriel Nicholson,Charity,South Tonyaborough,523-339-1285
50,Brian Gonzales,NGO,North Sarah,438-280-3907
51,Timothy Clark,Charity,Port Johnchester,662-114-3941
52,Cheryl Dillon,NGO,Hornemouth,350-146-1578
53,Cassandra Owens,Shelter,Tomburgh,193-773-5105
54,Veronica Howard,NGO,Higginsmouth,223-620-7333
55,Erika Rodriguez,Shelter,Larastad,200-418-1457
56,Deborah Smith,Individual,Jasonshire,942-763-6961
57,Christopher Lozano,Individual,New Mary,217-827-0862
58,Julia Madden,Shelter,Michaelton,321-207-8844
59,Alicia Thomas,Charity,Lake Mary,200-347-3019
60,Jessica Rivas,NGO,Phillipborough,783-159-5022
61,John Vazquez,Charity,South Kathleenbury,656-422-5123
62,Nichole Lewis,NGO,North Catherinefurt,455-269-5255
63,David Turner,Charity,East William,445-605-2297
64,Debra Sheppard,Shelter,North Darinshire,726-678-1689
65,Cody Gardner,NGO,Port Belinda,395-042-1232
66,Jade Jackson,Individual,West Jaclyn,158-225-3172
67,Rodney Walker,Shelter,Strongshire,857-777-5891
68,Wesley Thompson,Charity,Edwardburgh,528-919-7537
69,Scott Brown,NGO,East Dylan,793-989-5559
70,Carolyn Whitaker,Individual,Gregoryville,665-178-3261
71,Timothy Daniel,Charity,New Gloriaburgh,819-662-9861
72,Charles Davidson,Shelter,West Angelatown,294-698-2957
73,Kimberly Mills,NGO,Christineton,288-821-5439
74,Patricia Smith,NGO,Laurafurt,220-453-5600
75,Nicholas Smith,Charity,Manningtown,605-970-1115
76,Anna Lopez,Individual,North Jenniferside,805-624-5306
77,Juan Spencer,Individual,North David,279-638-9583
78,Aaron Davis,Shelter,Marshallton,231-082-0755
79,Meagan Ramirez,Charity,Angelaville,676-915-5556
80,Eric Jackson,Individual,Knightburgh,732-602-3388
81,Theresa Ramirez,NGO,Port Gregoryport,895-747-8325
82,Laura Bennett,NGO,Evansside,916-934-0160
83,Julie Hines,NGO,Davidview,165-454-8405
84,Deanna Lewis,NGO,East Kelli,093-855-0061
85,Jeffery Mueller,Charity,Lake John,302-493-2900
86,Jessica Grant,Charity,Smithshire,132-180-9716
87,Tammy Walker MD,Charity,West Ronaldland,982-044-7177
88,Eric Ryan DDS,NGO,Lake Daniel,468-470-2126
89,Mr. David Lambert,Individual,Robinsonside,929-841-1999
90,Alvin West,Shelter,Kellybury,417-314-8724
91,Ashley James,Charity,Garrettborough,784-758-1225
92,Bridget Peterson,NGO,Greenton,037-633-1927
93,Allison Bray,Individual,Alexatown,122-277-3588
94,Timothy Patel DVM,Charity,New Jessica,832-966-7841
95,Anthony Green,NGO,Laurafort,249-230-5313
96,Michael Walls,Individual,Carterside,650-930-7741
97,Nathan May,Charity,South Veronicaburgh,808-784-9354
98,Brian Cowan,Individual,Henryhaven,212-652-1005
99,Nancy Silva,Individual,Russellville,221-359-1105
100,Melissa Little,NGO,Robertaborough,263-774-6235
101,Nicole Reid,Shelter,Hollytown,808-564-6895
102,Daniel Burton,Individual,North Matthewhaven,284-419-0487
103,Karen Cruz,Individual,West Justin,500-583-5978
104,Victor Reyes,Charity,North Joshuafort,308-872-5335
105,Trevor Wilson,NGO,North Pamela,191-403-4050
106,David Johnson,Individual,Lake Rebecca,035-019-0294
107,Jessica Morris,NGO,Port Elizabethton,137-776-1761
108,Suzanne Dawson,NGO,East Josephstad,592-143-3841
109,Rachel Nguyen,NGO,Theresamouth,040-545-2043
110,Karla Castillo,NGO,Lake Michaelton,126-859-7518
111,Deanna Flores,NGO,West Johnny,669-294-9581
112,Brady Lopez,Individual,Michaeltown,275-590-6807
113,Jonathan Young,Shelter,Georgeborough,417-867-7029
114,John Chase,NGO,Meganton,246-470-4854
115,Anthony Carter,Shelter,Scottmouth,499-726-7360
116,Mark Lee,Individual,Port Teresa,757-683-0086
117,Kelly Pierce,Shelter,East Heatherborough,517-232-1717
118,Matthew Tran,Charity,South Franciscoport,144-156-0457
119,Jasmine Robertson,Individual,Deanview,786-769-4237
120,Matthew Ramos,Shelter,Kennethberg,639-703-9449
121,Gavin Freeman,NGO,Ayalamouth,782-681-4168
122,Drew Cline,NGO,Port Patriciachester,517-828-7715
123,Teresa Williams,Charity,South Alexandraport,888-296-4732
124,Marie Andrade,Charity,Meghanfort,314-096-2823
125,Tammy Smith,Individual,Campbellchester,537-192-5410
126,Heather Brown,NGO,North Lori,161-365-8718
127,Hayden Hill,NGO,North Roger,143-112-5754
128,Sarah Carter,Charity,New Benjamin,513-018-5852
129,Denise Martinez,Charity,Drakeburgh,887-855-7617
130,Matthew Hughes,Charity,Marieview,468-431-4471
131,Shawn Mills,Charity,Jeffhaven,951-192-1790
132,Katherine Gomez,Charity,South Jasonberg,022-108-3673
133,Robert Johnson,NGO,West James,301-749-5770
134,Emily Christian,Individual,Marcusberg,629-218-9533
135,Jeanne Spencer,Shelter,Huntermouth,474-600-1775
136,Katherine Murphy,NGO,New Elaine,067-506-4790
137,James Jones,NGO,Bakerfort,122-421-6342
138,Christina Potter,NGO,Phillipsbury,144-454-2657
139,Charles Martin,NGO,New Christopher,009-081-7964
140,Kristin Scott,Shelter,North Christina,598-905-9117
141,Christine Gray,Individual,Dawnview,466-538-0401
142,Melody Good,NGO,Wilsonfort,880-273-2716
143,Amanda Hendricks,Shelter,Nancyshire,009-494-1313
144,Jennifer Nelson,Individual,North Paul,802-724-1644
145,David Hull,Shelter,Tanyachester,139-804-6633
146,John Cummings,Individual,Joshuamouth,134-464-6051
147,Sara Wise,NGO,New Shannonbury,736-881-8590
148,Robert Simon,NGO,North Amandafort,646-710-7977
149,Nathan Willis,NGO,Danielfort,318-969-6322
150,Kelly Howe,Charity,Davidmouth,059-309-8621
151,Lisa Eaton,Shelter,New Aimeemouth,342-869-6733
152,Jasmine Miranda,Individual,Caseyland,094-800-3395
153,Jason Holmes,Individual,Williamtown,330-612-9768
154,Thomas Johnson,Shelter,Lake Victoriaport,626-794-5876
155,Christopher Kennedy,Shelter,Patriciaton,509-179-8044
156,Corey Mitchell,Charity,Jacobsmouth,158-557-9367
157,Jason Davis,Individual,Charleston,523-114-6883
158,Gregory Murphy,Individual,South Ashley,090-319-2480
159,Angela Cortez,NGO,Lisaton,648-517-1780
160,Tracy Hartman,Charity,South Jill,947-203-9101
161,Mary Nguyen,Charity,Mcclurestad,182-274-3789
162,Douglas Baxter,Individual,Amandaville,823-081-8363
163,Jennifer Anderson,Charity,Daleshire,073-375-4139
164,Aaron Scott,Charity,Heatherfurt,331-682-8937
165,Danielle Bailey,Shelter,East Sarahtown,609-270-9574
166,Danielle Willis,Charity,Ginamouth,837-473-4840
167,Erica Fox,Charity,West Shawn,188-786-2118
168,Kayla Johnson,Shelter,East Timhaven,786-534-5065
169,Jon Stanton,Charity,Nguyenfurt,232-786-8881
170,Adam Browning,Charity,Port Erica,196-596-9067
171,Suzanne Velasquez,NGO,Joanchester,672-463-3961
172,Nicole Brown,Charity,Thomaston,216-121-6760
173,Jason Moore,NGO,West Courtneyport,851-541-8139
174,Matthew Johnson,Individual,Smithstad,285-859-0597
175,Stephanie Hoffman,Individual,New Tiffany,598-536-3199
176,Brendan Farley,NGO,Nicoleport,376-330-3007
177,Tonya Lucas,NGO,Robertsonchester,426-523-9521
178,Deanna Jarvis,Shelter,Port Emilymouth,799-565-8611
179,Adam Hodge,Charity,West Krystalview,751-546-2947
180,Michelle Cook,Shelter,Peterhaven,412-902-4858
181,Paul Evans,NGO,Smithshire,322-240-0397
182,Troy Miller,Charity,Seanside,890-148-5867
183,Nicole Walker,Individual,Thomasland,569-130-2561
184,Matthew Sanchez,Individual,Port Melissa,016-222-3981
185,Shannon Pineda,Individual,Lake Amanda,249-089-3786
186,John Massey,Shelter,Heathertown,499-590-7798
187,Amy Thomas,Shelter,Lake Erica,950-597-4795
188,Tina Ingram,Charity,Angelicatown,436-461-2054
189,Stephen Smith,Individual,Maxberg,326-134-9605
190,Maria Jackson,Charity,North Shelby,041-696-3060
191,Brent Anderson,Shelter,New Seanburgh,225-478-7600
192,Rhonda King,Individual,Toddborough,367-958-5492
193,Jesse Brown,Charity,Figueroaport,507-068-2893
194,Alan Campbell,NGO,Shawmouth,707-937-1978
195,John Martin,Charity,New Jason,174-664-4358
196,Tara Bauer,Charity,Port Dustin,709-935-2878
197,Deanna James,Shelter,East Tinamouth,006-940-3681
198,Scott Anderson,Individual,East Teresamouth,733-296-8887
199,Ashley Rivers,Individual,East Sharon,512-193-6577
200,Nicole Williams,NGO,East Jillian,780-778-4633
201,Calvin Lucas,Individual,Corybury,417-730-9502
202,Veronica Coleman,NGO,North Mario,255-287-6619
203,Vincent Matthews,Shelter,Allenmouth,033-599-8576
204,Rachel Thomas,Individual,North Lindachester,358-481-6786
205,Kimberly Wilkins,Charity,West Casey,378-316-2949
206,Ashley Brooks,Individual,Ramseystad,428-820-9314
207,Nicholas Holloway,Shelter,South Kendraville,719-821-9201
208,Michael Flores,Charity,Andrewmouth,682-804-3628
209,Gina Payne,Individual,Steveberg,846-634-1029
210,Tara Mcmahon,NGO,South Anna,283-528-8473
211,Judy Griffith,Charity,Baileyville,163-821-2809
212,Ronald Gonzalez,Shelter,Stevenmouth,783-210-0415
213,Kelly Barber,NGO,Emilymouth,040-880-4690
214,Corey Rodriguez,NGO,New Roseville,544-742-5907
215,Mr. Matthew Johnson DDS,Charity,Port Stephen,173-311-0659
216,Morgan Massey,Charity,West Amybury,929-286-6902
217,Kelsey Holloway DDS,Charity,Ashleyborough,519-787-8749
218,Corey Lamb,Charity,New Daniel,882-893-9920
219,Alex Rogers,Charity,Lake Austinmouth,017-613-1019
220,Cassandra Mendoza,NGO,Dantown,261-267-3922
221,Rebecca Goodman,Shelter,Robinsonland,221-853-8523
222,Stephanie Jones,Shelter,West Aaronport,029-940-1111
223,David Henderson,Charity,Hallside,976-946-9613
224,Franklin Kelley,Charity,East Jacob,207-767-8809
225,Joseph Bowman,NGO,West Jessica,428-472-4463
226,Daniel Kerr,Charity,Fergusonton,559-384-8406
227,Samuel Hodge,NGO,Port Maria,302-463-7516
228,Joanna Wilkins,Charity,Singletonview,796-888-1488
229,Tina Watkins,Shelter,Bushview,777-479-5306
230,Nathaniel Moreno,NGO,Poolestad,818-906-3631
231,Christopher Barrett,Charity,Port Brianville,012-546-6035
232,David Smith,Charity,Davidshire,106-465-7709
233,Alicia Porter,Charity,Port Ericmouth,428-846-6578
234,Keith Atkinson,Charity,Lake Julia,968-416-1069
235,Megan Freeman,NGO,Rogerburgh,746-183-0559
236,Duane Burnett,Charity,New Derek,114-453-3323
237,Cathy Adams,Shelter,West Josephshire,269-061-4726
238,Kendra Krause,NGO,Davisburgh,450-032-0502
239,Lindsay Garcia,NGO,North Kimberlyport,072-215-1225
240,Ronald Miller,Shelter,Edwardsside,018-063-3263
241,Elizabeth Dunn,Charity,Wilsonfurt,069-221-0114
242,Matthew Pearson,NGO,Garciaview,621-223-5497
243,Alexis Smith,NGO,West Vickie,939-399-3350
244,Jason Ramos,Shelter,Carolhaven,014-099-2777
245,Rebecca Sanchez,Shelter,New Craig,586-413-7361
246,Kristi Wagner,Shelter,Lake Darrellburgh,264-255-1562
247,John Mitchell,Charity,Aaronshire,095-184-7835
248,Victoria Lee,Charity,New Abigail,623-591-5290
249,Zachary Lewis,Charity,Lake Kelli,031-869-4632
250,Jamie Ferguson,Charity,Jenniferberg,150-404-8243
251,Sarah Hodges,NGO,Martinland,016-163-1445
252,Angela Dunlap,Individual,New Julian,854-203-2129
253,Adam Pittman,NGO,West Christiantown,151-588-8706
254,Felicia Wilkinson,Shelter,Williamsfort,403-423-0469
255,Walter Myers,Individual,New Tina,788-381-0454
256,Derek Wilson,Individual,Christopherland,859-758-5002
257,David Bryant,Shelter,South Amy,903-119-1927
258,Scott Grant,Individual,Port Samantha,988-609-7955
259,Aimee Stone,NGO,Barnesport,470-418-3013
260,Patricia White,Charity,Lake Jessicaborough,635-471-6587
261,Maria Lang,NGO,East Moniquemouth,261-122-3445
262,Autumn Reed,NGO,East John,001-202-0048
263,Ann Mcclure,Shelter,West Johnmouth,335-776-9231
264,Sandra Townsend DVM,NGO,West Kelly,608-424-2924
265,Rebecca May,Individual,Murrayview,783-144-3726
266,Stacy Mayo,Shelter,Bauerton,925-293-6855
267,Randall Robbins,Shelter,Dylanton,382-112-6000
268,Steven Morton Jr.,Shelter,Kellybury,884-503-7406
269,Mrs. Paula Jones,Individual,Emilymouth,727-423-6543
270,Darlene Fernandez,Shelter,Monicaton,079-287-4429
271,Mark Hartman,Individual,East Ashleyshire,818-015-1582
272,Walter Carter,Shelter,Brianchester,441-230-2001
273,Jonathan Soto,Charity,Autumnbury,938-111-9057
274,Robin Ross,Individual,East Williamborough,780-754-0093
275,Michael Johnson,Individual,Longmouth,081-042-8712
276,Scott Hunter,Individual,Greenton,550-536-0975
277,Austin Jones,Charity,Brandonside,474-839-7472
278,Jay Roberts,Shelter,West Christopher,815-138-0935
279,Angela Wyatt,Charity,Port Jessica,131-646-3179
280,Jesse Miller,Shelter,Port Samanthamouth,764-130-9854
281,Mrs. Kristin Adams DDS,Charity,Lake Christychester,073-764-3235
282,Lisa Pitts,Shelter,Lake Stephenport,709-342-3522
283,Edward Cook,Charity,Isaiahtown,534-520-2158
284,Beth Sanchez,NGO,Dustinfurt,378-178-2821
285,Derrick Curtis,NGO,Stephaniechester,951-639-5596
286,Travis Hughes,Shelter,Castilloland,667-049-7813
287,Jennifer Johnson,Charity,Burnettton,797-097-1389
288,Christopher Larsen,NGO,Susanview,146-422-6270
289,Nathan Reynolds,Shelter,Lake Tina,029-522-6591
290,Karen Brennan,Shelter,Hannahside,693-532-4960
291,Dawn Thompson,Charity,North Josephland,141-973-6585
292,Mrs. Emily Smith DVM,NGO,Shermantown,542-493-2868
293,Randy Roach,Charity,East Bryan,888-534-4534
294,Cynthia Horton,NGO,Jamesstad,576-597-0774
295,Joseph Williams,Individual,East Dale,112-513-9413
296,Pamela Santos,Shelter,Lake Michael,186-535-0045
297,Deanna Daniels,Individual,Aguilarstad,436-929-2288
298,Robert Burke,NGO,Marksmouth,978-023-0932
299,Michael Curtis,Shelter,Alexanderbury,788-816-6849
300,Jeanne Benjamin,NGO,North Alexander,007-971-3446
301,Kristina Simpson,NGO,Melissaport,375-245-3906
302,Daniel Moore,Charity,Port Richard,809-823-2828
303,Joseph Davis,NGO,Millerport,263-196-7760
304,Jennifer Ayala,NGO,Edwardshaven,584-117-5681
305,Brendan Vargas,NGO,Kellyville,660-674-1707
306,Donna Williams,Charity,Calebview,309-900-9518
307,Logan Becker,Charity,North Patriciamouth,226-239-1432
308,Robin Pena,NGO,Cynthiashire,691-775-8145
309,Bryan Smith,Individual,New Julia,506-441-5817
310,Gary Adams,Individual,New Sara,340-266-1837
311,Tina Jackson,Charity,Geraldchester,103-002-5677
312,Pamela Morales,NGO,Schaeferfort,242-530-9708
313,David Marsh,Shelter,North Kimberlyfort,657-683-1348
314,Kelsey Smith,Shelter,Haleymouth,930-367-7897
315,Anthony Harris,Individual,West Aaronberg,811-306-2805
316,Jacob Montoya,NGO,Meganmouth,863-668-5166
317,Martha Flores,NGO,Lake Glenview,568-426-0750
318,Michael Carter,Charity,Danielborough,689-647-5327
319,Donald Bender,Charity,Andersenfort,899-634-9569
320,Carmen Barker,Shelter,North Williamview,151-284-3163
321,Wanda Wise,Shelter,South Bethanyport,804-934-9472
322,Stephanie Mathews,Shelter,North Ashleymouth,277-624-9312
323,Linda Banks,Individual,New Sarahmouth,094-039-2583
324,Kristine Martin,NGO,Thompsonhaven,441-271-6438
325,Lawrence Owens,Individual,South Amybury,565-748-7655
326,Douglas Jacobs,NGO,East Gina,072-249-0353
327,Aaron Keller,Shelter,Melissaview,799-568-0302
328,Carlos Lawrence,Individual,New Justinhaven,272-580-3538
329,Christine Patterson,Individual,Edwardfort,070-981-5520
330,Kimberly Hamilton,Individual,North Bruce,868-232-9944
331,Shane Stein,Individual,Reidton,962-771-4274
332,Raymond Harris,Charity,Hammondfort,173-185-2783
333,Gabriel Vargas,Charity,Chaseview,343-254-2598
334,Gina Wu DDS,Shelter,Lake Melindaside,484-350-0946
335,Deborah Sexton,Shelter,Victoriastad,364-720-6569
336,Laura Marshall,Charity,East Lisafurt,779-168-1453
337,Jennifer Schmidt,Individual,South Michelleshire,140-942-7296
338,Patrick Zimmerman,Shelter,Thomasberg,638-931-8024
339,Dustin Johnson,Individual,Gomezmouth,528-158-4366
340,John Baxter,NGO,New William,191-366-6913
341,Anna Buckley,Individual,Murphyfort,281-909-7013
342,Kristina Vargas,Charity,Lake Rebeccaton,779-670-7066
343,Roberto Stanley,Shelter,Melindaview,994-177-0763
344,Barbara Velasquez,Charity,Priceborough,669-247-4183
345,Eric Ramos,Individual,Rushfurt,815-873-2812
346,Mr. Mark Knight DVM,Charity,East Joseph,967-872-2411
347,Michael Keller,Individual,New Derek,572-124-6444
348,Donna Hughes,Individual,Maryfort,520-377-9375
349,Gwendolyn Johnson,Individual,West James,649-714-9926
350,Sylvia Stanley,Shelter,Jenniferbury,065-230-0281
351,Kerry Jones,Charity,New Christopher,725-779-5651
352,Cody Martin,Individual,Angelamouth,865-800-9652
353,Mrs. Stacey Morales MD,Individual,Juliastad,866-050-9817
354,Kimberly Nelson,Charity,Lake Lesliemouth,009-475-3945
355,Brian Hoffman,Shelter,Lake Dillonborough,535-421-7242
356,Brian Cherry,Charity,Swansonport,673-372-2010
357,Jacob Orozco,Individual,West Jeffrey,787-834-8225
358,Brian Davis,Charity,Williamsfort,750-646-5852
359,Travis Walker,NGO,West Dan,843-905-0785
360,Tammy Boone,Shelter,New Christopher,713-764-6501
361,Samuel Lewis,Individual,North Nicole,807-503-3358
362,Elizabeth Collins,Shelter,Johnland,532-827-5383
363,Stephanie West,Charity,North Jamesfurt,794-254-5542
364,Keith Gray,Charity,New Corey,737-139-1812
365,Melissa Green,Shelter,South John,980-426-1205
366,Tony Holmes,NGO,Jaredport,314-040-0485
367,Ricardo Roberts,Individual,West Matthewborough,717-382-4461
368,Debra Murray,NGO,Duncanchester,566-832-5437
369,Sherry Hall,NGO,Davidmouth,663-623-2267
370,Tara Johns,Individual,Paulmouth,159-915-8449
371,William Frederick,NGO,Port Dean,228-551-9866
372,Harold Bowen,Charity,South Barbaraburgh,216-530-4238
373,Seth Esparza,Shelter,Port Brandonberg,259-761-6873
374,Ricky Walker,Individual,Port Johnstad,700-786-2511
375,Melissa Smith,Shelter,Lake Stevenburgh,616-230-5539
376,John Reeves,NGO,Jamieview,692-442-0943
377,Patrick Campbell,NGO,Leeton,705-806-4686
378,Brandi Buckley,Shelter,Lawrencechester,229-451-2087
379,Tara Graham,Shelter,Lake Cory,617-869-7697
380,Heather Silva,Charity,Lake Ryan,134-082-6530
381,Yvette Huffman,Charity,Reevestown,839-851-8386
382,Patricia Stevens,Shelter,Perezport,479-004-9980
383,Melissa Kennedy,Individual,West Tina,549-162-4644
384,Anthony Guerra,Charity,North Michelle,227-070-5313
385,William Barnes,Shelter,Kellyfurt,241-074-9262
386,Mary Hopkins,Individual,Tiffanyport,508-465-7500
387,Michael Proctor,Charity,Lisafurt,119-549-4969
388,Nicole Mueller,Charity,Rachelberg,241-269-1178
389,Kelly Buchanan,Charity,Lake Jonathanchester,275-178-0789
390,Victor Crawford,NGO,New Brandonton,752-526-2752
391,Regina Munoz,NGO,Lake Clinton,585-955-3149
392,Tracy Douglas,NGO,Gordonstad,228-932-8580
393,Dana Simmons,Shelter,West Jorge,023-237-5794
394,Kyle Kerr,Charity,Sarahville,537-158-4157
395,Joseph Davis,Charity,Sherryhaven,702-757-6102
396,Allison Martinez,NGO,New Amy,511-114-2655
397,Mr. Robert Rivera II,Individual,Bergerport,545-478-4289
398,Alex White,Charity,Port Carmen,226-363-8449
399,Jennifer Hughes,Charity,West Donnaton,301-204-8556
400,John Byrd,Shelter,West Randall,313-670-2212
401,Leslie Acevedo,Charity,Lake Matthew,735-568-9803
402,Nicholas Mosley MD,Individual,North Manuel,759-332-7128
403,John Collins,Shelter,New Deborahville,237-766-3335
404,Marissa Fischer,Shelter,New Kevin,638-142-8597
405,David Evans,Shelter,Chambersmouth,316-221-9715
406,Ashley Martinez,NGO,Lake Crystal,151-521-2736
407,Arthur Thomas,Charity,Clarkhaven,158-560-7849
408,Jennifer Mccoy,Individual,Morganville,711-148-1808
409,Matthew Simmons PhD,Shelter,Brandonhaven,845-595-8950
410,Betty Reid,Charity,North Abigail,671-172-0926
411,Eric Kaiser,Shelter,West Mikayla,969-045-5844
412,David Carney,NGO,Port Dianemouth,732-156-5428
413,Dennis Schultz,NGO,New Natalieland,348-049-0216
414,Dr. Matthew Hughes DDS,NGO,Christopherchester,422-909-1321
415,Kevin Blair,Individual,Lake Laurenburgh,335-757-4595
416,Ernest Cox,Shelter,Christinaland,061-462-4166
417,Justin Santos,NGO,Rayfurt,216-291-3146
418,Miss Mary Turner,Charity,North Holly,899-330-2450
419,Teresa Jackson,Shelter,Port Thomasstad,567-150-7034
420,Susan Green,Charity,Josephborough,874-280-9975
421,Jonathan Copeland,Shelter,Jonathanview,048-189-7257
422,Tina Bean,Charity,South Tyler,090-026-4425
423,Christine Bell,Individual,South Edwardburgh,331-967-4489
424,Pamela Harris,Charity,Lewisfort,320-562-3060
425,Robert Chavez,NGO,Chadport,049-910-4019
426,Jose Rivas,Shelter,Rosaleschester,455-984-8386
427,Toni Johnson,NGO,Lake Steven,045-229-8601
428,Elizabeth Galvan,NGO,Lake Karen,896-018-1230
429,Daniel Williams,Shelter,Russellburgh,288-609-3038
430,April Johnson,NGO,Pagemouth,540-486-0312
431,Mr. Gregory Thompson,Charity,East Douglas,858-131-5130
432,Julie Brown,NGO,East Melissaport,066-733-9918
433,Michael Dunn,Individual,Lake Kyleside,263-994-2712
434,Jason Alvarez,NGO,South Connorview,107-164-5994
435,Whitney Evans,Shelter,Martinezside,355-911-9659
436,Jacqueline Turner,NGO,Robertsport,937-841-8251
437,Lindsey Lewis,Shelter,West Rogerview,610-209-8312
438,Jane Davis,Individual,Lake Joshuaville,554-848-7778
439,Erika Lopez,Shelter,North Margarethaven,117-027-1702
440,Alexander Walsh,Individual,Troyshire,387-858-7009
441,Cynthia Johnson,Charity,West Cherylland,098-027-0507
442,Natasha Harper,NGO,Port Sara,332-728-1635
443,Brittany Anderson,Individual,Port Michaelmouth,141-341-2104
444,Michael Simmons,Individual,Coreymouth,373-480-5364
445,Christopher Williams,NGO,North Kathryn,040-232-6262
446,Eric Mays,NGO,Port Deborahbury,698-749-6465
447,Erika West,Individual,Mikemouth,342-708-9860
448,Nicholas Harrison,Shelter,New Timothymouth,015-575-2106
449,Mrs. Valerie Hartman,NGO,Port Jenniferborough,127-121-8776
450,Russell Smith,Charity,New Rebecca,575-614-1390
451,Marcus Gregory,Shelter,Hollyside,904-054-2105
452,Tina Banks,Charity,Port Judith,986-535-7620
453,Kristen Alvarado,NGO,Davidport,690-920-6414
454,Steven Griffin,NGO,Cruzborough,511-595-0189
455,Jennifer Kennedy,Individual,Port Deborah,958-189-3095
456,Rodney Perkins,Charity,Lake Christina,291-423-8876
457,Ryan Cole,Charity,Sandratown,486-956-3901
458,Michael Vargas,Charity,East Andrewhaven,661-933-7047
459,Brandon Riley,NGO,Powerston,742-364-6134
460,Karen Stafford,Shelter,West Justinberg,040-774-3704
461,Tonya Lewis,NGO,Edwardport,969-319-7491
462,Timothy Martin,Charity,Lake Adriennechester,068-680-4383
463,Frank Jackson,Charity,North Jeffreychester,463-850-8595
464,Richard Parsons,Shelter,Bushbury,311-064-2127
465,Makayla Davis,Shelter,Chrisport,282-929-9573
466,Christine Ashley,Individual,South William,184-352-8380
467,Nathan Gonzales,Charity,East Daniel,908-480-7329
468,David Castro,Shelter,Heatherhaven,298-611-3352
469,Steven Martinez,Individual,Johnsonberg,772-398-6224
470,Edwin Osborne,NGO,North Robinville,160-605-7945
471,David Fuentes,NGO,North Kimberlyland,966-065-9378
472,Brian Hill,Charity,Port Dominique,660-994-3200
473,Justin Powell,Shelter,Port Sarah,239-474-6965
474,Christine Lawrence,Charity,Bobbyfort,936-378-6017
475,Kim Gamble,Individual,East Ginafort,076-275-8691
476,Jennifer Baker,Shelter,Castilloshire,093-899-3380
477,Jorge Young,Shelter,Lake Rebeccaton,208-678-3432
478,Benjamin Wilson,NGO,West Aliciaburgh,522-862-6624
479,Karen Reeves MD,NGO,Lake Mitchellbury,365-174-3809
480,Michael Roberson,NGO,South Davidstad,451-712-4447
481,Heather Brown,Shelter,New Michaelport,622-503-8219
482,Timothy Garrett,NGO,Andersonview,907-532-3328
483,Emily Sandoval,Charity,Port Gregory,076-207-0611
484,Mary Harrington,Shelter,Port Jason,159-601-3005
485,Debbie Cox,Charity,Christopherchester,914-786-0960
486,Ronald Brown,Shelter,New Dustin,768-201-4672
487,Micheal Peterson,NGO,West Jeffreyfurt,094-330-4095
488,Patrick Jenkins,Charity,West Richard,886-083-9905
489,Erin Foster,Charity,Jessicatown,819-543-8798
490,Tiffany Smith,NGO,Port Brandon,954-106-4502
491,Molly Edwards,Charity,Rodriguezborough,346-912-4779
492,Julie Lewis,NGO,South Steven,523-497-4606
493,Chelsea Powell,Charity,Lake Rachelburgh,941-687-2504
494,Timothy Chavez,Individual,Brooksmouth,643-622-6066
495,Andrea Meyer,Individual,Christophertown,575-423-8796
496,Kristina Park,Charity,Langburgh,608-542-0101
497,Miss Jamie Gonzalez DDS,Charity,Proctorville,321-619-1390
498,Dennis Ford,Charity,Port Derekland,560-838-8104
499,Ricky Harmon,Individual,Port Chaseport,399-861-0569
500,Richard Patterson,Charity,Huynhmouth,109-196-0030
501,William Davila,Individual,Gilbertborough,632-044-8155
502,Carly Austin,Charity,Connerland,969-694-7636
503,Eileen Scott,Charity,Lewismouth,141-785-7771
504,Michael Williams,Shelter,Matthewhaven,511-204-6271
505,Alexandra Owens,NGO,Bradleyland,927-996-1259
506,Mrs. Kim Blackwell,NGO,Port Margaretport,978-017-2536
507,Destiny Maldonado,Charity,Carlosfurt,546-432-2877
508,Kimberly Wilson,Individual,Susanville,990-366-2975
509,Drew Edwards,Charity,Huffmouth,706-505-8040
510,Jeremy Christensen,Individual,Ashleyborough,678-777-3829
511,Kimberly Cox,NGO,Lake Gloria,628-904-6503
512,Anne Stone,Shelter,Pittsville,829-531-7575
513,Dr. Ryan Gilbert,Individual,Sarahaven,864-611-5297
514,Ashley Bell,Shelter,Olsonland,549-249-7502
515,Misty Downs,NGO,Robertview,064-359-6470
516,Gary Myers,Shelter,Turnerhaven,669-919-8102
517,Taylor Wolfe,Individual,New Travisland,516-367-4140
518,Katrina Smith,NGO,Stephanieberg,129-949-6527
519,Elizabeth Salazar,Shelter,Paynestad,147-412-3411
520,Alexandra Jones,NGO,Lisaborough,925-839-2741
521,David Robinson,NGO,Carolinebury,225-576-9253
522,Veronica Robinson,NGO,East Cynthiahaven,108-881-7279
523,William Fox,NGO,Port Angelafurt,228-002-6281
524,Tiffany Rodriguez,Charity,Ramirezhaven,427-189-0881
525,Michael Dixon,Charity,Rebeccaview,632-545-0933
526,Brian Morales,NGO,Darinland,397-232-9674
527,Kelli Fuentes,NGO,East Peter,200-276-8448
528,Alexander Dean,Charity,New Robert,003-349-3774
529,Amy Perez,Charity,West Jacquelineland,634-370-1202
530,Lindsay Yates,Individual,Diazshire,867-568-1040
531,Alexandra Rogers,Charity,Paulaburgh,632-748-5954
532,David Sellers DVM,Individual,South Michaelfurt,492-321-3443
533,Joseph Knapp,Shelter,New Michael,117-096-9114
534,Megan Miller,Individual,Anthonyport,252-665-5472
535,Jane Avila,Shelter,Christinahaven,032-987-2893
536,Margaret Lloyd,Shelter,Phillipston,672-929-2504
537,Earl Eaton,Shelter,Port Michaelport,076-423-7778
538,Ronald Norton,Individual,Carterton,605-846-0735
539,Jessica Lee,NGO,Vasquezberg,129-597-1071
540,Cristina Curtis,Individual,East Davidbury,504-722-0994
541,Amy Brown,NGO,Shelbyland,632-080-4024
542,Savannah Neal,Individual,Ashleeside,574-736-9555
543,Brenda Green,Charity,Jacobmouth,515-457-9388
544,Matthew Wright,NGO,Port Traci,782-074-4708
545,Peter Allen,Individual,Port Kristinechester,487-877-1518
546,Meagan Hughes,Charity,Lake Lance,109-364-9434
547,James Kennedy,Charity,South Donaldshire,187-424-8816
548,Gary Andrews,NGO,Gonzalezstad,115-368-3340
549,Trevor Lam,NGO,New Alexismouth,726-277-0665
550,Shawn Gibson,Individual,South Eric,304-273-3000
551,Kyle Vega,Shelter,West Alexandra,239-355-7045
552,Jeremiah Jones,NGO,Shaneport,322-311-4182
553,Scott Proctor,Shelter,Adamland,822-315-7499
554,Margaret Mccullough,Charity,Ortizmouth,888-890-3956
555,Mary Lewis,Individual,Port Richard,443-680-8966
556,James Wolfe,NGO,Woodsfurt,917-990-5443
557,Andrea Mcdaniel,NGO,Kingville,506-026-0948
558,Samantha Salinas,Charity,Rayberg,681-539-6235
559,Randy Martinez,Shelter,Brownville,451-137-9961
560,Matthew Mendez,Shelter,South Meganland,231-412-0799
561,Andrea Morris,NGO,Hallton,183-508-2191
562,Antonio Murphy,NGO,West Kevin,640-300-9110
563,Brandon Johnson,Charity,Randyville,160-954-3250
564,Justin Smith,Individual,Pottertown,588-874-3231
565,Brian Blankenship,Charity,East Jordanborough,916-223-9898
566,Michael Lewis,Individual,East Kimberlymouth,078-124-9988
567,Peggy Knight,Shelter,North Michaelville,417-469-5110
568,Melissa Mclaughlin,Charity,Roberttown,877-770-8364
569,Danny Randolph,Shelter,South Yolanda,029-011-8582
570,Anthony Cochran,Individual,Port Todd,530-828-4007
571,Lydia Phillips,Shelter,North Hollyland,704-162-2429
572,Diana Blair,Shelter,Murrayside,433-985-0003
573,William Clark,Shelter,Port Courtneyland,468-952-7647
574,Mr. William Hunt,Shelter,Barreratown,546-978-7462
575,Jennifer Davila,Shelter,Hollandburgh,718-447-5866
576,Justin Lopez,Individual,East Stephenton,153-844-9436
577,Thomas Burch,Charity,North Lori,390-882-5868
578,Larry Bradshaw,NGO,Lake Cody,843-597-3151
579,Nancy Guerrero,Individual,South Elizabeth,891-381-7696
580,Yesenia Solomon,Charity,Port Paulaton,776-587-0514
581,April Mcintosh,Charity,North Sherribury,875-931-9388
582,Douglas Cook,Shelter,Hunterbury,872-454-8537
583,Sean Henderson,NGO,Lake Gregory,326-493-4118
584,Austin Vance,Shelter,Whiteside,719-628-3029
585,Mark Lewis,NGO,Lisaview,540-220-5777
586,Amy Barker,Shelter,North Nathanville,213-010-5044
587,Jennifer Clark,NGO,Spencermouth,967-109-9671
588,Laurie Alvarez,Shelter,North Raymond,298-874-2698
589,Nicole Williams,NGO,West Richard,727-771-3700
590,Terry Fernandez,Shelter,Mooreburgh,275-234-3392
591,Susan Clark,NGO,Beckville,020-435-7439
592,Michael Pennington,Charity,South Gabrielmouth,905-420-9084
593,Douglas Mann MD,NGO,North Lisaburgh,318-039-9487
594,Sheri Johnson,Shelter,North Christopher,253-920-0751
595,Courtney Whitney,Individual,West Mariashire,528-446-7897
596,Natalie Navarro,Shelter,West Carrieberg,742-662-7972
597,Willie Nichols,Charity,Jonesland,609-735-1313
598,Alexa Guerra,NGO,Ariasbury,769-192-3865
599,Christopher Davis,NGO,South Yvettestad,525-072-2056
600,Bruce Alexander,Individual,New Tammyhaven,376-501-2938
601,Peter Gonzalez,Shelter,Biancaton,784-601-9811
602,Paul Carter,Individual,Kinghaven,253-018-3445
603,Christina Caldwell,Shelter,New Christopherburgh,745-807-7325
604,Ashley Hall,Individual,Butlerborough,547-344-3774
605,Tara Johnson,NGO,East Nathan,901-797-3598
606,Jenna Bowen,Shelter,Nicoleside,183-979-0650
607,Sean Wolf,NGO,Mcfarlandhaven,913-703-4400
608,Oscar Bauer,Charity,South Nicoleberg,874-507-6783
609,Brian Riddle,Shelter,Jenniferbury,149-318-9525
610,Jimmy Morton,Charity,New Carrie,480-570-6158
611,Jeff Rivas,Charity,Mcdanielmouth,654-290-4573
612,Meredith Griffin,NGO,Patriciamouth,330-818-7400
613,Renee Campbell,Shelter,North Tiffanyfort,375-065-3151
614,Peggy Parker,Shelter,South Waynefurt,643-518-3066
615,Rachel Carson,NGO,Robertside,852-210-9575
616,Christopher Wright,Shelter,New Kellytown,074-862-2827
617,Justin Lee,Individual,Shelleyburgh,653-036-5771
618,Samuel Mendez,Individual,Andersonland,064-431-0381
619,Taylor Estrada,NGO,Nguyenview,556-596-0359
620,Cassandra Foster,Individual,West Danielview,475-421-9049
621,David Jordan,Individual,Mendozabury,816-833-1096
622,Gary Torres,Charity,Kimberlyview,412-613-8114
623,Phillip Rogers,Individual,Keithstad,464-661-2045
624,Alvin Day Jr.,NGO,East Heatherbury,722-127-8600
625,Paul Lee,NGO,Stephenchester,575-024-3157
626,Theresa Gonzalez,Charity,Port David,568-603-8358
627,Beth Chavez,Shelter,East Nicole,911-004-0285
628,James Gardner,NGO,Morenoborough,211-318-3136
629,Andrea Hansen,NGO,Lake Mary,255-651-8151
630,Sarah Ochoa,Charity,Vancebury,918-255-1669
631,Diana Fisher,Shelter,New Daryl,391-450-0152
632,Austin Smith,NGO,North Marcusbury,188-319-3973
633,Jay Higgins,NGO,Perezhaven,880-990-8313
634,Jessica Watkins,Charity,Robertton,594-075-9286
635,Lisa Marshall,Charity,Johnville,375-423-1187
636,Devon Burton,Charity,Blakehaven,108-932-5817
637,Benjamin Soto,NGO,West Garretthaven,869-395-8395
638,Timothy Browning,Charity,Moralesfort,836-247-3024
639,Jeffrey Vaughan,Charity,Cameronfurt,365-740-8619
640,Joseph Smith,NGO,Anthonystad,983-766-7391
641,Robert Jones,Shelter,East Antoniobury,168-112-4978
642,Sarah Rose,NGO,New Ryanmouth,880-838-6557
643,Mary Morrow,NGO,Melaniehaven,219-720-7901
644,Deanna Brown DDS,Individual,Fowlerburgh,695-147-4833
645,Steven Armstrong,NGO,Robertfurt,216-155-9564
646,Maria Lee,Individual,West Juanchester,433-729-7840
647,Christine Davis,Charity,Josephton,144-359-7605
648,Heather Stewart,NGO,South Lucasview,936-409-1169
649,Cory Schmidt MD,Individual,Johnsonville,535-630-9779
650,Nicholas Peterson,NGO,West Troyview,831-533-9196
651,Rebecca Mcbride,Charity,Port Timothymouth,141-004-3055
652,Sandy Ward,Shelter,North Michael,460-437-1719
653,Jason Garcia,Shelter,Port Mariemouth,846-108-7983
654,John Murray,Shelter,Fernandezberg,040-117-5796
655,Lauren Golden,NGO,Michealstad,509-120-3093
656,Christopher Clark,NGO,Port Peggyshire,020-961-4423
657,Patricia Salas,Individual,Port Maryshire,569-514-7193
658,Frank Olson,Shelter,South Anthonyside,475-678-5051
659,Elizabeth Stewart,NGO,Kempstad,310-182-7759
660,James Hernandez II,Charity,Kenthaven,036-235-2960
661,Robert White,Charity,Petersonmouth,982-838-9359
662,Gabriel Harris,Individual,Port Shannonhaven,034-214-2599
663,Michael English,NGO,Lake Daniel,612-320-3740
664,Joseph Nelson,Individual,Phillipston,780-032-7079
665,Felicia Collier,NGO,Toddstad,202-408-9101
666,Meredith Hull,NGO,Markfurt,987-683-3505
667,Christine Beasley,Individual,Jensenland,667-729-4034
668,Maria Singh,NGO,Brandonhaven,127-187-6477
669,Karen Cox,Charity,Davidland,990-542-3904
670,Amber Hobbs,NGO,Rogersfort,645-127-8523
671,Cindy Green PhD,NGO,Sharpfurt,674-418-4457
672,Janice Thornton,Charity,Allenmouth,359-177-4671
673,Shelly Castillo,Charity,Chenview,123-591-5247
674,Stephen Harris,Charity,Port Seanshire,880-723-7908
675,Robert Day,NGO,Goodmanfort,242-021-5864
676,John Williams,Charity,Brooksborough,717-615-2273
677,Joshua Rush,Charity,New Mark,694-403-1226
678,Joseph Johnson,NGO,South Jasminechester,028-352-6950
679,Alexis Rodriguez,Shelter,South Shirleymouth,827-810-8926
680,James Lewis,NGO,Richardton,151-287-1850
681,Becky Hernandez,Shelter,Jeanshire,510-979-5700
682,Paige Lewis,Shelter,Karenfort,608-523-1697
683,Mark Williams,NGO,Taylorport,520-963-8410
684,Kiara Martinez,Individual,Ellisborough,829-939-8804
685,Angela Knight,Individual,Port Joshua,330-237-7936
686,Spencer Roberts,Charity,East Sheenahaven,010-291-4932
687,Danny Palmer,NGO,North Erikhaven,315-837-8838
688,Jeffrey Turner,Charity,East Tiffanyview,030-945-0214
689,Michael Murphy,NGO,Lake Sheilaland,364-026-4812
690,Jeffrey Knight,Individual,Wardshire,207-794-8313
691,Brittany Williams,Individual,Christinehaven,481-734-3041
692,Christopher Stokes,Individual,Joshuahaven,879-314-9531
693,Carl Brewer,Individual,Nelsonbury,645-157-7104
694,Rachel Arnold,Shelter,New James,413-290-5614
695,Janet Newton,Individual,West Amandaport,930-590-8261
696,Kellie Hart,Charity,Changview,991-263-3112
697,Laura Leach,Charity,Davidtown,546-594-0771
698,Dawn Rodriguez MD,Charity,New Shauntown,243-293-3668
699,Sabrina Johnson,Charity,East Emily,552-124-3791
700,Kimberly Duncan,Shelter,West Monica,158-243-6740
701,Amber Arellano,NGO,South Marymouth,425-878-7628
702,Rebecca Chan,Charity,West Brittany,279-707-3052
703,Mr. Jonathan Williams,Individual,Bruceburgh,606-010-6061
704,Jason Lowe,NGO,Sarahside,063-115-0253
705,Christopher Sellers,Charity,East Nathanstad,570-957-6832
706,Shannon Jensen,Shelter,Lake Kevinport,570-112-0234
707,Jason Martin,Charity,New Frederickfort,777-120-4743
708,Jacob Mendez,Individual,South Jason,818-358-6757
709,Matthew Sanchez,Individual,New Stephanie,083-462-2013
710,Eric Carrillo,Shelter,Nicholsonland,078-793-1997
711,Mark Carroll,Shelter,Lovestad,369-561-2249
712,Laura Graham,NGO,Mercerport,804-531-1455
713,Robert Moses,Shelter,Port Terry,705-299-9094
714,Adam Phelps,Individual,North Amanda,586-612-6376
715,Tyler Christensen,Charity,Lake Douglas,306-691-2501
716,Angela Gregory,Individual,Lake Tracytown,856-667-6112
717,Jonathon Gregory,Individual,Shortfort,511-746-1377
718,Matthew Brown,Individual,Port Amberfurt,785-336-0978
719,Brian Oneill,NGO,East Stephaniefort,423-691-4227
720,Jeremiah Terry,Individual,Nicoleberg,501-310-3762
721,Ashley Ramirez,Charity,Heatherburgh,604-382-3103
722,Deanna Owens,NGO,South Mark,865-410-9397
723,Lisa Kim,Individual,New Brandyhaven,465-856-2095
724,Randall Ford,Shelter,East Tasha,378-421-0768
725,Edward Lopez,NGO,New Matthewton,683-591-7229
726,Tammy Brown,Shelter,Victorton,691-621-3556
727,Troy Jimenez,Shelter,Port Marc,462-756-7494
728,Dustin Stark,Charity,Kimberlymouth,045-747-9791
729,David Spence,Charity,Port Curtisside,843-006-1807
730,Felicia Glover,Shelter,East Michael,982-844-2370
731,Jacob Scott,Charity,South Jenniferburgh,857-216-8483
732,Jessica Shields,Shelter,South Richard,925-018-2511
733,David Fox,Individual,Longmouth,800-478-2916
734,Amanda Buchanan,NGO,Perryton,845-716-1884
735,Kyle Scott,Individual,Reedview,204-310-7974
736,Damon Schmidt,Charity,Cummingschester,236-873-5864
737,James Brown,Shelter,Lake Catherine,887-549-1151
738,Matthew Morgan,Charity,Robertton,535-512-2781
739,Nancy Jones,Shelter,West Bradley,457-804-7368
740,Denise Lucas,Charity,East Jamesmouth,758-489-1702
741,Amber Burnett,Charity,Garciashire,901-355-9555
742,Matthew Webb,Charity,West David,419-445-0465
743,Nicholas Tucker,Charity,Port Samantha,290-071-2070
744,Matthew Deleon,Individual,Danielsview,940-927-8989
745,Jose Vance,NGO,Lake Heatherberg,207-837-2021
746,Kenneth Barnes,NGO,South Lindsay,868-434-0244
747,Vanessa Johnson,Shelter,Wilsonshire,477-079-5528
748,Bridget Williams,Charity,South Williamview,347-241-6344
749,Michael Craig,Individual,Moralesburgh,899-950-8143
750,Levi Lucas,Charity,North Vanessamouth,763-539-2058
751,Travis Johnson,Shelter,South Edward,785-640-1614
752,Cassidy Alvarado,Individual,Leahchester,825-364-4624
753,Samantha Potter,Charity,Aguilarbury,434-419-6086
754,Michael Ford,Individual,New Sean,389-988-8452
755,Eugene Beltran,Shelter,South Samanthaburgh,616-243-1933
756,Emma Anderson,NGO,Lake Michelle,369-347-5266
757,Christopher Garcia,Charity,North Danielchester,555-633-0883
758,Jennifer Lucero,NGO,South Theresaberg,550-913-5748
759,Kathleen Watkins,Shelter,Hardyberg,788-411-9238
760,Gina Blankenship,Shelter,Brittanyborough,171-990-1418
761,Douglas Roberts,Shelter,Deanstad,077-795-0039
762,Donna Chang,NGO,East Stevenborough,956-496-2501
763,Karen Williamson,Shelter,Sandovalmouth,844-727-8504
764,Krista Williams,Shelter,Oliverberg,481-437-3776
765,Joshua Hooper,Shelter,Buchananton,314-300-5130
766,John Reynolds,Shelter,Grahambury,859-402-6875
767,Jordan Hart,Shelter,East Julietown,753-636-5946
768,Mary Wilson,Charity,Lake Kimberlyton,638-585-3588
769,John Warner,Shelter,Cookhaven,003-320-5395
770,Jacob Gibbs,Charity,New Jesus,806-265-1675
771,Emily Gallagher,Individual,Wagnerburgh,491-663-1678
772,Cassandra Yoder,Charity,Danielfurt,766-062-1673
773,Hunter Richards,NGO,West Victoriaberg,581-778-1214
774,Tracy Bass,NGO,South Jessicaburgh,258-474-9956
775,Thomas Nelson,Charity,Donnamouth,601-896-2271
776,James Thompson,Shelter,Ronaldmouth,732-791-3396
777,Julie Dickerson,Shelter,Diazbury,138-273-3067
778,Kristie Townsend,Shelter,Melissaberg,895-824-5761
779,James Turner,NGO,North Mallorystad,709-797-8681
780,Jacqueline Johnson,Shelter,Jeffreyland,714-234-4884
781,Jason Taylor,NGO,Reginaburgh,380-354-9178
782,Timothy Burns,Charity,East Janetstad,262-555-7560
783,Monica Phillips,Charity,New Phillipfurt,188-588-9838
784,Jill Harris,Shelter,Josephfurt,371-881-1427
785,Melissa Lee,Charity,Brownport,194-047-9719
786,Robert Kim,Shelter,Port Gabrielleborough,679-985-3487
787,Rachel Rios,NGO,Sarahaven,319-104-8885
788,Beth Phillips,NGO,Zacharyview,832-279-8386
789,Laura Robertson,NGO,Hansonfurt,165-336-7759
790,Stephanie Smith,Charity,West Carrieport,159-543-8730
791,David Kennedy,Charity,Port Caleb,297-154-0982
792,Tamara Frey,Shelter,Deanfort,168-569-3615
793,Renee Anderson,Charity,Princehaven,040-132-4956
794,Lee Nunez,Individual,Andersonfort,857-187-0688
795,Caitlin Cobb,Charity,North Andresport,968-871-4930
796,Lisa Carroll,NGO,South Jamesfort,842-891-9643
797,Robert Becker,Charity,Danielland,060-756-0612
798,James Estrada,Individual,Westport,508-542-5607
799,Adam Moore,Charity,East Josephview,032-608-1212
800,Anthony Garcia,Individual,Brownbury,541-968-7513
801,Samantha Simpson,Shelter,West Meganmouth,832-386-6065
802,Lisa Cruz,Charity,Stevenmouth,177-483-6631
803,Joseph Stafford,Shelter,Lake Lindseystad,812-782-5617
804,Elizabeth Cochran,NGO,Theresabury,771-135-0025
805,Sharon Martin,Individual,South Michelleport,892-008-8858
806,James Miller,NGO,Lisabury,196-868-6637
807,Taylor Miller,NGO,Josephside,270-548-6316
808,Pamela Finley,Individual,Harrisfurt,253-805-5508
809,Karen Cain,Individual,East Daisybury,604-185-0865
810,Cody Meyer,NGO,Westshire,720-954-7370
811,Scott Schroeder,Shelter,Markfurt,042-253-1276
812,Sabrina Klein MD,Individual,Shawhaven,545-558-0217
813,Amber Hale,Individual,Comptonside,750-235-2728
814,Michael Petersen,NGO,Maryside,119-329-7038
815,James Miller,NGO,North Dawn,972-841-1773
816,Jeremiah Hampton,Charity,South Sheryl,837-048-4121
817,Victoria Torres,Charity,Martinchester,809-445-7755
818,Danielle Hayes,NGO,Andreaberg,131-092-7379
819,Christina Lambert,Shelter,Delgadofort,169-143-5014
820,Patrick Velasquez,Individual,West Jacob,166-724-6746
821,Jeffrey Wilson,Charity,Davisport,390-721-9847
822,Aaron Malone,Shelter,East Mark,366-978-6095
823,James Rose,Shelter,East Amandaberg,658-204-7743
824,Madison Myers,Shelter,Cruzland,008-333-8386
825,Charles Morris,Charity,New Olivia,748-254-4414
826,Mr. Steven Reeves MD,Individual,West Jacquelinefort,394-608-1451
827,John Simmons,NGO,North Tanner,388-614-5650
828,Jason Mcpherson,Shelter,Michaelside,693-419-7409
829,Mr. Brian Fox,Charity,Scottbury,316-476-0229
830,Jeffrey Cooper,Shelter,Lake Christian,877-245-5095
831,Samantha Ellison,Individual,New Kimberly,377-292-9078
832,Kylie Young,Shelter,Ginaview,913-118-6244
833,Kelly Pierce,Shelter,West Josephland,467-115-0479
834,Renee Flynn,Individual,South Mark,093-501-8423
835,Jennifer Wright,Shelter,Lauratown,632-617-6228
836,Scott Craig,Shelter,South Lisa,118-382-6136
837,Michelle Reed,Shelter,West John,107-216-8815
838,Jessica Stephens,Charity,West Michaelton,358-977-8320
839,Michael Cox,NGO,North Kelly,739-514-6845
840,Mary Anderson,Shelter,South Mirandamouth,601-331-5456
841,Brian Reed,NGO,Amandaburgh,649-498-1956
842,Robert Stewart,Shelter,New Laura,016-244-4712
843,Glenn Anthony,Charity,Halltown,502-960-7549
844,Andrew Gray,Individual,Lake Dustin,057-192-2140
845,Adam Horton,NGO,Ramosberg,423-007-6300
846,Charles Aguilar,NGO,Johnsonchester,191-071-0033
847,Wesley Myers,Shelter,Meganburgh,917-532-0243
848,Terrence Wagner,Individual,Taraside,832-246-7583
849,Kyle Johnson,Shelter,Ellisshire,887-766-6073
850,Kristopher Mendoza,Individual,Bradfurt,663-395-4475
851,Christina Brown,NGO,Wyattton,983-034-7865
852,Jo Martinez,Charity,Port Williamtown,426-012-6505
853,Tanya Lowe,Charity,Crawfordchester,677-596-9794
854,Christopher Diaz,Individual,Lorifurt,106-248-0735
855,Robert Abbott,NGO,Collierburgh,532-818-1037
856,Amanda Brown,Individual,New Larryshire,176-330-5060
857,Jennifer Taylor,Individual,Lake Kaylamouth,024-241-1359
858,Ashley Harris,Individual,Lake Stephenchester,246-077-4285
859,Dana Williams,Charity,Cookstad,525-999-5693
860,James Knight,Charity,Kirkfort,504-434-3556
861,Ashley Clark,NGO,Poolebury,622-680-4900
862,Justin Martinez,Individual,New Erikamouth,771-220-4253
863,Jessica Camacho,Individual,Billyland,674-998-8688
864,Justin Anderson,NGO,South Craigborough,629-886-5504
865,Katherine Houston,Individual,Lake Joshuabury,200-196-9064
866,Jose Cooper,Shelter,Pooleside,083-601-2157
867,Tara Williams,Individual,New Dakotahaven,724-610-8348
868,Kayla Erickson,Shelter,West Lindseyside,526-967-0263
869,David Mendoza,Charity,North Shawnastad,864-906-1969
870,Joshua Mendoza,Charity,North Amy,876-704-3953
871,Veronica Adams,Individual,Natalieside,385-712-3680
872,Lori Peters,Individual,Annaborough,652-605-7691
873,Darius Reid,Charity,Port Philipmouth,306-939-5162
874,Danny Brown,Individual,East Shirley,122-807-9605
875,Scott Smith,Individual,New Donnahaven,376-965-5711
876,Jeremy Robinson,NGO,Jamesview,983-229-7777
877,Jeffrey Stafford,Shelter,North Nicholasborough,602-468-7969
878,Cory Johnson,NGO,Port Robertmouth,944-311-5766
879,Bridget Hill,Charity,South Emily,652-331-6437
880,Kristen Foster,Shelter,North Ricardo,749-252-8592
881,Alan Riley,NGO,Tylermouth,620-212-0274
882,Steven Shaffer,Shelter,Rodneyport,799-793-9460
883,Aaron Rios,NGO,New Jeffreyhaven,948-598-1093
884,Mary Evans,Shelter,North Josephmouth,248-457-5683
885,James Hardin,Individual,East Robert,035-681-3982
886,Amber Cruz,Shelter,Allenborough,073-173-4206
887,Jean Woods,Shelter,Fernandezchester,468-304-8077
888,Matthew Davis,Charity,Birdview,136-747-5533
889,Holly Aguilar,NGO,West Sara,799-506-2068
890,Joseph Whitaker,NGO,Jamesborough,059-271-8576
891,Thomas Myers,Shelter,North Haleyhaven,579-856-5722
892,Brian Hardy,NGO,Lake Williamhaven,275-426-7155
893,Carrie Hess,Charity,Jarvisshire,067-967-3188
894,Tammy Fletcher,Charity,New Adrian,219-550-2711
895,Ms. Deborah Campos,Individual,West Barry,579-948-5058
896,Jennifer Smith,Shelter,Josephton,179-728-0744
897,Shelby Rice,Shelter,New Loriberg,702-112-7474
898,Emily Ramos,Shelter,East Michaelview,795-719-7362
899,Rachel Pena,NGO,Grossport,668-593-5836
900,Hannah Reynolds,Charity,East Kevinberg,053-307-7836
901,Donald Caldwell,Shelter,Dawsonberg,712-217-6177
902,Michelle Riley,NGO,New Juliaton,979-466-8873
903,Cindy Robinson DDS,Shelter,Franklinview,418-623-9588
904,Amanda Kline,Shelter,East Travis,376-320-4275
905,Ann Odonnell,Charity,East Michael,576-602-9567
906,Christopher Gonzalez,Shelter,Payneland,241-299-9765
907,Jamie Jenkins,NGO,New Melanie,903-952-8783
908,Abigail Crawford,NGO,Lake Shawn,010-152-8668
909,Matthew Cordova,NGO,Rubioborough,989-440-9730
910,Tina Donaldson,Shelter,Lake Brandibury,736-446-4714
911,Devon Martinez,Individual,Jessicaland,258-246-9860
912,Katelyn Proctor,Charity,Williamsborough,717-461-8101
913,Jeffrey Jones,NGO,Kennethmouth,297-229-2136
914,Jeffrey Walker,Individual,Woodardview,028-472-1603
915,Deborah Garza,Shelter,South Alanville,695-589-2656
916,Lindsey Mathis,Shelter,Ianland,816-558-5061
917,Michael Townsend,Shelter,East Kevin,385-023-3851
918,Katrina Cruz,Charity,Jenkinsfurt,156-168-8772
919,Sarah Brown,Shelter,North Christina,807-367-9899
920,Gregory Rodriguez,Charity,West Davidview,671-667-1616
921,Kelly Walls,Individual,Lake Victoriaton,857-517-5280
922,Savannah Holland,Individual,Kelleystad,487-688-7575
923,Victor Diaz,Shelter,Darinview,923-047-0922
924,Sarah Roberts,Shelter,North Janetland,593-188-9757
925,Cassidy Davis,Individual,West Donaldmouth,815-359-4471
926,Kimberly Ware,Individual,East Sheriton,078-266-0266
927,Mary Escobar,Individual,Gloriaview,636-846-9153
928,Barbara Richards,Charity,Carlostown,193-655-1761
929,Donna Terry,Charity,Mathistown,104-858-7570
930,Joseph Smith,Shelter,Dunnbury,909-913-1799
931,Rhonda Lewis,Individual,South Michael,112-542-6821
932,Justin Stevens,Charity,South Mary,511-371-9827
933,Jodi Lee,NGO,West Paulfort,351-796-2649
934,Dr. Wendy Terrell,Charity,Erikashire,566-236-8791
935,John Harris,NGO,Riverafort,450-294-5697
936,Jacob Horton,NGO,Port Douglasland,452-830-4031
937,Mark Ward,NGO,Port Jonathanton,038-431-1430
938,Matthew Thornton,NGO,Hayesfort,108-406-9823
939,Chad Vaughn,Charity,Lake Brandonborough,929-773-6531
940,Lynn Lucas,Charity,Elizabethberg,689-129-0146
941,Jessica Boyd,NGO,South Heather,410-562-6844
942,Earl Hess,Charity,Rodneyborough,009-175-1556
943,Rebecca Lucas,Charity,New Jessicabury,463-873-3399
944,Sharon Wood,Charity,New Melindashire,528-217-6863
945,Alex Leon,Individual,Caitlynhaven,406-305-5873
946,Taylor Mann,Charity,North Lawrence,748-253-4468
947,Debra Webster,Charity,East Debramouth,190-531-3757
948,Thomas Castaneda,NGO,West Ashleymouth,044-729-4296
949,Allison Pennington,Individual,North Lydiaberg,586-713-6798
950,Caitlin Bennett,NGO,Delacruzborough,503-132-9588
951,Brittany Mcclain,Individual,Robertville,362-093-7533
952,Sarah Morgan,Charity,Gilbertfurt,630-809-8000
953,Tina Anderson,Charity,Port Jonathanhaven,102-168-5649
954,Mark Russell,NGO,Nathanstad,381-175-3680
955,Christopher Wong,Charity,Jacquelineshire,745-135-7397
956,Jacqueline Fernandez,Charity,Kennethside,128-522-8213
957,Angela Hall,Charity,Greenville,257-624-3615
958,Scott Brown,Individual,Oneillland,487-571-7987
959,Samantha Gomez,Charity,Suzanneton,585-340-9912
960,Jason Hughes,Shelter,Myerstown,703-950-0955
961,Tyler Gray,NGO,West Dustinberg,374-850-8848
962,Donald Anderson,Shelter,North Stephanieborough,951-188-8539
963,Victor Ward,NGO,Johnhaven,482-026-3385
964,Donald Moore,Individual,Davisfort,648-768-9906
965,Ashley Silva,NGO,Port Thomas,483-123-8350
966,Sheila Lang,NGO,Lake Larryborough,585-286-2289
967,Samantha Sherman,Individual,Port Cindyberg,767-483-7772
968,Mr. Joseph Herring,Individual,Mariefurt,839-044-2094
969,Leon Foster,NGO,Bennettton,198-936-9076
970,Brandon Rice,Shelter,South Benjamin,563-122-2255
971,Teresa Estrada,Individual,Mayburgh,320-778-4104
972,Patricia Joseph,Individual,Lauraport,766-964-3169
973,Brian Johnson,NGO,Patrickfort,795-501-9929
974,Mark Miller,NGO,North Joshua,361-115-4694
975,Danielle Bullock,Individual,Amandafurt,539-476-2056
976,Tammy Patrick,Individual,Clarkton,552-901-4817
977,Pamela Scott,Charity,South Paul,310-642-0442
978,Adam Evans,Individual,Lake Sonya,800-674-4415
979,Rebecca Wright,Charity,Teresastad,387-441-0419
980,Elizabeth Fisher,Shelter,Carrborough,083-776-9550
981,Dawn Jennings,Shelter,Port Cody,596-512-5392
982,Thomas Villanueva,NGO,Gutierrezmouth,338-603-9644
983,Joanna Black,NGO,North Jacobhaven,781-950-5825
984,Steve Kirby,Charity,Travishaven,587-115-9256
985,Thomas Sanchez,NGO,Rodneyfurt,592-107-2512
986,Rita Kane,Shelter,South Jamie,347-306-2056
987,Becky Smith,Shelter,East Renee,790-708-7489
988,Kristi Rodriguez,Charity,Nielsenberg,454-090-8379
989,Timothy Bradshaw,Individual,North Laura,451-260-5312
990,Patricia Hardy,Shelter,Thomasport,735-320-3467
991,Lindsey Wagner,Shelter,Jessicaburgh,401-052-7584
992,James Curry,Individual,Port Johnside,043-899-9392
993,Alexis Hayes,Shelter,Matthewmouth,120-534-6473
994,Angelica Simmons,NGO,Port Kellifort,902-942-8232
995,Brittany Taylor,Individual,Andrewsport,687-106-4981
996,Matthew Curtis,Shelter,Lanechester,894-442-1289
997,Amanda Cain,NGO,New Steven,915-601-5316
998,Theodore Briggs,Individual,South Sandra,099-442-5031
999,Cheyenne Ramsey,NGO,Lake Jeffery,048-161-5300
1000,April Miller,Shelter,Shelbychester,326-522-3999
